{"Llama-3.2-3B-Instruct_switch_point_generation_en-hi_subset_2": {"js_div": 0.33873704841435587, "entropy_diff": 3.283003123702517}, "Llama-3.2-3B-Instruct_switch_point_generation_en-hi_subset_3": {"js_div": 0.4522388469894474, "entropy_diff": 5.507776070046071}, "Llama-3.2-3B-Instruct_switch_point_generation_en-hi_subset_4": {"js_div": 0.49642152163633113, "entropy_diff": 7.3378009715151125}, "Llama-3.2-3B-Instruct_switch_point_generation_en-hi_subset_5": {"js_div": 0.6179431418704379, "entropy_diff": 12.393744968811164}, "random-neurons-llama3-1_2": {"js_div": 0.00933113488548627, "entropy_diff": 0.12030192034322998}, "random-neurons-llama3-1_3": {"js_div": 0.036992694035710295, "entropy_diff": 0.5870910622891347}, "random-neurons-llama3-1_4": {"js_div": 0.08132580898686326, "entropy_diff": 1.3646870843923775}, "random-neurons-llama3-1_5": {"js_div": 0.1351715817319866, "entropy_diff": 2.312717373963374}, "random-neurons-llama3-2_2": {"js_div": 0.018396420028622237, "entropy_diff": 0.5165654797969097}, "random-neurons-llama3-2_3": {"js_div": 0.07026505185540315, "entropy_diff": 1.3408400460666405}, "random-neurons-llama3-2_4": {"js_div": 0.15915095489748976, "entropy_diff": 2.6338142103450313}, "random-neurons-llama3-2_5": {"js_div": 0.30426460580461345, "entropy_diff": 4.746514510703441}, "random-neurons-llama3-3_2": {"js_div": 0.009177547145927535, "entropy_diff": 0.13909285349451053}, "random-neurons-llama3-3_3": {"js_div": 0.03627285387390738, "entropy_diff": 0.5286002050286392}, "random-neurons-llama3-3_4": {"js_div": 0.07943392965760707, "entropy_diff": 1.1064041407498078}, "random-neurons-llama3-3_5": {"js_div": 0.1377329946893036, "entropy_diff": 1.8686767975995495}, "random-neurons-llama3-4_2": {"js_div": 0.011221220819655243, "entropy_diff": -0.006436907561721316}, "random-neurons-llama3-4_3": {"js_div": 0.04788293176965349, "entropy_diff": 0.32650684538414015}, "random-neurons-llama3-4_4": {"js_div": 0.1163549944283856, "entropy_diff": 1.1148043992413077}, "random-neurons-llama3-4_5": {"js_div": 0.22501687012660276, "entropy_diff": 2.754595281212193}, "random-neurons-llama3-5_2": {"js_div": 0.03229726960135114, "entropy_diff": -0.18311323209679556}, "random-neurons-llama3-5_3": {"js_div": 0.07367981312254684, "entropy_diff": 0.021620216896073328}, "random-neurons-llama3-5_4": {"js_div": 0.1073176781399741, "entropy_diff": 0.3804032777271959}, "random-neurons-llama3-5_5": {"js_div": 0.1301461795459634, "entropy_diff": 0.8953687827045498}}