{"Qwen2.5-7B-Instruct_switch_point_generation_en-hi_subset_2": {"js_div": 0.06897664727591722, "entropy_diff": 1.0931314419472546}, "Qwen2.5-7B-Instruct_switch_point_generation_en-hi_subset_3": {"js_div": 0.28785651976009335, "entropy_diff": 8.097938399912191}, "Qwen2.5-7B-Instruct_switch_point_generation_en-hi_subset_4": {"js_div": 0.5129460202660531, "entropy_diff": 15.472018458534452}, "Qwen2.5-7B-Instruct_switch_point_generation_en-hi_subset_5": {"js_div": 0.6092029169613136, "entropy_diff": 18.5515478259692}, "random-neurons-qwen-1_2": {"js_div": 0.01191705031688236, "entropy_diff": 0.16354296709590782}, "random-neurons-qwen-1_3": {"js_div": 0.05307431031026405, "entropy_diff": 0.5501895786881953}, "random-neurons-qwen-1_4": {"js_div": 0.13076836658511193, "entropy_diff": 1.3095539167934669}, "random-neurons-qwen-1_5": {"js_div": 0.23799255205567477, "entropy_diff": 2.4787698860127962}, "random-neurons-qwen-2_2": {"js_div": 0.005144167543416586, "entropy_diff": 0.06889139901996924}, "random-neurons-qwen-2_3": {"js_div": 0.020204308099704627, "entropy_diff": 0.1961701575294928}, "random-neurons-qwen-2_4": {"js_div": 0.048362556214181354, "entropy_diff": 0.43011816339507986}, "random-neurons-qwen-2_5": {"js_div": 0.09363575114407863, "entropy_diff": 0.8748612129257995}, "random-neurons-qwen-3_2": {"js_div": 0.0086376067268763, "entropy_diff": 0.1298435149979313}, "random-neurons-qwen-3_3": {"js_div": 0.03784426588035187, "entropy_diff": 0.3970630823332033}, "random-neurons-qwen-3_4": {"js_div": 0.0914290806796647, "entropy_diff": 0.8734895293057091}, "random-neurons-qwen-3_5": {"js_div": 0.16767954791553968, "entropy_diff": 1.6108191600524189}, "random-neurons-qwen-4_2": {"js_div": 0.004121480369742667, "entropy_diff": -0.021372012770289828}, "random-neurons-qwen-4_3": {"js_div": 0.01454734968242973, "entropy_diff": -0.012018891601109454}, "random-neurons-qwen-4_4": {"js_div": 0.030101155613068562, "entropy_diff": 0.02583914079294083}, "random-neurons-qwen-4_5": {"js_div": 0.045866274796900856, "entropy_diff": 0.07330177172290799}, "random-neurons-qwen-5_2": {"js_div": 0.007946871914614127, "entropy_diff": 0.01509982423220154}, "random-neurons-qwen-5_3": {"js_div": 0.025023880840285093, "entropy_diff": 0.10119944500030985}, "random-neurons-qwen-5_4": {"js_div": 0.045378616880506845, "entropy_diff": 0.2564090061458243}, "random-neurons-qwen-5_5": {"js_div": 0.06733266613001276, "entropy_diff": 0.5075102847884162}}